id;nombre;codigo;estado;cli_red_id;punto_x;punto_y;long;lat;fecha_inicio;fecha_fin;numero_registros
38;Adra, Club Nautico;6277B;t;4;500743.7500;4068786.0000;-2.99166703816418;36.7642453654521;2000-12-31;2016-04-30;588784
435;TestPGPool;PS123;t;45;526826.0000;4107313.0000;-2.69808822498056;37.1111457206056;;;0
21;Alhama;EARM20;t;2;541018.0000;4090506.0000;-2.53926790975695;36.959144665485;1999-11-30;2016-04-30;3699066
74;Almera, Aeropuerto;6325O;t;9;554575.1900;4077703.2500;-2.38791696818926;36.8430544062233;1968-01-01;2016-04-30;1299628
58;Aldeire;5108;t;4;493673.4700;4112660.7500;-3.07124986539256;37.1597222423724;1985-12-01;2004-05-31;3991
60;Aldeire, I.N.M.;5108A;t;4;493661.2500;4112390.0000;-3.07138519317518;37.1572816343883;1990-08-01;2009-11-30;7029
24;Abla;RAIFAL006;t;6;520748.0000;4110650.0000;-2.76639099721333;37.1413886316521;1995-12-31;2016-04-30;1393748
32;Abla;6302A;t;4;517365.3100;4111635.0000;-2.80445481147475;37.1503362840447;2000-12-31;2016-04-30;672529
9;El Encinar;PSN05;t;22;509292.0000;4101036.0000;-2.89549688874162;37.0549118023569;2008-10-14;2014-06-27;2620221
11;Robledal de Cáñar;PSN07;t;22;461796.0000;4089860.0000;-3.42909217872427;36.9534400496861;2008-10-14;2014-06-27;4320047
34;Abrucena;6302;f;4;518221.3400;4109750.5000;-2.79486126157659;37.1333332599155;1954-09-01;1987-01-31;9063
35;Abrucena, Los Jarales;6301;t;4;519069.5600;4116532.0000;-2.78513897060736;37.1944439679075;1962-01-01;2009-02-28;13599
37;Adra;6277;f;4;501078.5900;4067976.0000;-2.98791664222012;36.7569432513949;1961-01-01;1996-02-29;7033
4;Algibe de Montenegro;PSN01;t;22;526825.0000;4107312.0000;-2.69808822498048;37.1111457206046;2008-10-14;2014-06-27;2489557
40;Agrn-Fatimbullar;5557O;f;4;429758.5600;4095268.5000;-3.78940343165116;37.0003436109536;1987-01-01;1994-12-31;2891
41;Aguadulce;6296;t;4;538118.5000;4074532.2500;-2.57263880199356;36.8152773739812;1965-02-01;2001-03-31;8544
42;Aguadulce, Colegio;6296A;t;4;537119.0000;4073604.0000;-2.58388959587551;36.8069496458776;2006-01-01;2009-11-30;4096
43;Albnchez;6361;t;4;572480.6900;4126993.2500;-2.18236113524927;37.2861105605481;1961-01-01;2009-01-31;15940
44;Alboloduy;6306;t;4;533686.5000;4098704.0000;-2.62125040790279;37.0333324117845;1965-01-01;2009-02-28;15181
46;Albolote, Apl Agron.;5540E;f;4;441989.7800;4129192.0000;-3.65458329093271;37.3069432485021;;;0
47;Albolote, Cortijo Albarrate;5522B;t;4;440363.1800;4119840.7100;-3.67218703545291;37.2225555858125;1993-11-01;2009-11-30;5616
48;Albolote, La Colonia;5521E;f;4;442123.1900;4123551.2500;-3.65263883271196;37.2561104976149;1968-01-01;1973-05-31;3268
49;Albolote, Los Arenales;5540C;f;4;442491.6600;4130575.5000;-3.64902763880878;37.3194441068058;;;0
50;Albondn;6274U;t;4;481012.5000;4076070.5000;-3.21291661391482;36.8297211644228;1986-07-01;2009-11-30;21622
52;Albuol a rjiva, C.P.C.;6273;t;4;472584.4400;4074337.0000;-3.30736124863874;36.8138880174455;1961-01-01;2004-12-31;14331
53;Albuuelas;6254E;f;4;443679.0000;4087114.0000;-3.63236110892408;36.9277787747682;1961-02-01;1986-11-30;8175
54;Albuuelas, Huida;5569E;t;4;435237.8800;4083321.7500;-3.72680549306344;36.8930545913597;1956-01-01;2009-11-30;18010
55;Alcal la Real, Malabrigo;5551;f;4;424111.7500;4140466.5000;-3.85745476801477;37.40726850931;1989-01-01;1989-08-31;213
56;Alcolea;6278;f;4;504042.9400;4091242.2500;-2.95458332921275;36.9666665551158;1952-01-01;1975-07-31;7033
59;Aldeire, El Marquesado;5109O;f;4;494171.7800;4119902.2500;-3.06569438893169;37.2249995866011;;;0
61;Aldeire, Pea Forestal;5106;f;4;492685.9100;4111583.0000;-3.08236129409617;37.1500002529337;1983-01-01;1990-07-31;1462
63;Alhama de Almera;6314;f;4;538419.0600;4090249.7500;-2.56847259389622;36.9569445057071;1961-01-01;2000-06-30;21948
64;Alhama de Almera, La Zarba;6313;t;4;532451.3100;4085756.5000;-2.63569455556883;36.9166665404396;1961-01-01;2009-02-28;12954
66;Alhama de Granada, Monte de Zafarraya;6379;f;4;478834.7800;4096814.5000;-3.23791659104443;37.0166661669135;;;0
67;Alhendn, C. de Aguas;5520A;f;4;442938.2800;4107064.7500;-3.64218886570812;37.107562278206;1989-01-01;2007-04-30;3586
68;Alhendn, Fontibullar;5525;f;4;431877.8400;4096445.7500;-3.7656944381693;37.0111106161734;;;0
69;Alhendn, I.N.M.;5520;t;4;442579.0600;4107306.7500;-3.64624992996231;37.1097215692049;1966-02-01;2009-11-30;15722
71;Almera;6297C;f;4;548637.1300;4076588.7500;-2.45458316592475;36.8333324988807;;;0
72;Almera;RAAAL;t;13;547310.0000;4077654.0000;-2.46939868969894;36.8430020575079;;;0
73;Almera;6297;f;4;548637.1300;4076588.7500;-2.45458316592475;36.8333324988807;1951-01-01;1981-04-10;163688
100;Baza, El Tesorero;5043E;f;4;524579.9400;4124441.5000;-2.72279200129586;37.265609238085;1984-04-01;1998-10-31;4777
101;Baza, Narvaez;5046;t;4;512744.6300;4141636.2500;-2.85597217518175;37.4208337889505;1955-03-01;2009-03-31;16617
243;La Mojonera;RIA0401;t;5;526499.0000;4071527.0000;-2.70301217912025;36.7885837388525;2000-01-31;2016-04-30;1484139
105;Benalua de Guadix Zayete;5113A;t;4;484648.6600;4133818.2500;-3.17332401738509;37.3503262089808;1986-10-01;2009-11-30;22065
125;Caniles, C. Fraile;5044E;f;4;525311.5600;4131340.7500;-2.71430592833728;37.3277768929285;1971-01-01;1998-10-31;26155
196;Granada, C. de A.;5510;t;4;446822.5600;4114829.5000;-3.59902797049406;37.1777784044963;1985-12-01;2009-11-30;6160
200;Granada, Generalife;5510B;t;4;448142.1300;4114426.9900;-3.58413618969918;37.1742246134224;1993-05-01;2009-11-30;16076
147;Cortes y Graena, Lopera;5102;t;4;478549.8400;4130405.5000;-3.24208341408258;37.3194441172148;1965-02-01;2009-11-30;14875
103;BENAHADUX;SIVA60;t;3;547921.0000;4086683.0000;-2.46197562702952;36.924358433513;2005-07-11;2016-04-30;1239999
310;Padul;RIA1810;t;5;446712.0000;4097327.0000;-3.59902997669743;37.0200125027949;2001-01-25;2016-04-30;1383673
27;Laujar de Andarax;RAIFAL011;t;6;507140.0000;4094853.0000;-2.91975812374687;36.999196209656;2009-02-15;2016-04-30;613170
322;Pinos Puente;RIA1804;t;5;431534.0000;4124395.0000;-3.77211467663777;37.2629968278624;2000-08-22;2015-03-18;1321873
284;MOTRIL;SIVA26;t;3;453580.0000;4067000.0000;-3.51997047642453;36.747009613465;1996-06-05;2016-04-30;4685195
12;Veleta;PSN08;t;22;467075.0000;4102316.0000;-3.37034609196536;37.0659177403687;2008-10-09;2014-06-27;2077561
92;Avda. DE CADIZ;SIVA25;t;3;447003.0000;4114818.0000;-3.59699465295376;37.1776850082527;1996-05-29;2005-11-19;1473849
93;Bacares;6349;f;4;548489.0000;4123892.5000;-2.4531942853817;37.2597224996854;1961-02-01;1980-10-31;9083
94;Balerma;6289;t;4;510218.5600;4065033.0000;-2.88556178452537;36.7303589271188;1961-01-01;2009-02-28;16124
95;Barranco Moreno;6206;f;4;416482.7200;4076612.7500;-3.93652797277616;36.8311112598645;;;0
96;Bayarcal;6279;t;4;500333.5300;4098174.7500;-2.99625019795462;37.0291660959372;1964-08-01;2009-02-28;12715
97;Bayarque, Central Elctrica;6350;t;4;550043.1900;4131760.2500;-2.43513860844155;37.3305546686919;1965-01-01;2009-02-28;12595
98;Baza;EARM21;f;2;512830.0000;4141644.0000;-2.85500727184732;37.4209024643805;1999-11-30;2003-12-31;1235864
99;Baza, Arredondo;5043I;f;4;517181.1600;4129292.0000;-2.80612139875401;37.3094961654436;1983-02-01;1991-02-28;1456
119;Cdiar;RIA1807;t;5;483724.0000;4086564.0000;-3.18273653040945;36.9243636464432;2000-09-05;2016-04-30;1431320
102;Beas de Granada, Puertoblanco;5505;f;4;460291.7500;4121072.7500;-3.44763875590855;37.2347224790889;1955-03-01;1974-12-31;4628
104;Benalua de Guadix;5113;f;4;485324.8800;4134089.0000;-3.16569456139268;37.3527775856984;1991-01-01;1991-05-31;151
106;Beninar;6283;f;4;497611.1900;4081997.0000;-3.02680568845306;36.883332691581;1961-01-01;1985-09-30;7292
107;Benitagla;6358;t;4;567602.5000;4121158.5000;-2.23791635434795;37.2338893172676;1968-01-01;2009-11-30;15095
108;Benizaln;6357U;t;4;567375.0600;4118783.5000;-2.24069471026079;37.2124997769337;1985-01-01;2009-11-30;25256
109;Brchules;6224;t;4;483026.7500;4092336.7500;-3.19069443913444;36.9763881767749;1961-01-01;2009-02-28;15611
110;Berja;6287;f;4;504420.8800;4077683.7500;-2.9504168634096;36.8444440105509;1951-01-01;1992-08-31;18886
111;Berja, Castala;6286;t;4;508504.9700;4080152.0000;-2.90458344487697;36.8666658766614;1951-01-01;2007-12-31;28969
112;Borreguiles;CETURSA3;t;20;465597.0000;4103096.0000;-3.38700627505046;37.0728954979587;1993-08-31;2011-01-18;403390
113;Busquistar, Cortijo La Calahorra;6234E;f;4;474994.0600;4093281.2500;-3.28097217376695;36.9847227544129;1971-01-01;1988-03-31;6300
114;Cabo de Gata, Faro;6329;t;4;572025.7500;4064994.5000;-2.19341881013457;36.7273337954814;1961-01-01;2009-11-30;23237
115;Cabo de Gata, Micheln;6328N;t;9;571071.5600;4074743.2500;-2.20319454600737;36.8152777308677;1983-07-01;2009-10-31;77267
116;Cacn;5573;t;4;418459.3100;4101803.7500;-3.91708342024477;37.0583333497126;1985-12-01;2009-11-30;6021
117;Cacn, El Turro;5575;f;4;416195.5900;4110147.2500;-3.94347221504481;37.1333322843602;;;0
118;Cadiar;6225;t;4;483761.6900;4088791.5000;-3.18236120385941;36.9444435326333;1961-01-01;2009-01-31;20045
120;Cadiar, C.P.G.;C380;t;23;484021.0000;4089099.0000;-3.17945558720744;36.9472198446622;;;0
121;Calar Alto;6314I;f;4;539517.6900;4119685.0000;-2.55458298280804;37.2222219977859;1986-03-01;1989-12-31;1431
122;Calicasas;5540;t;4;445287.9700;4125317.5000;-3.61708350811788;37.2722215054304;1992-09-01;2009-11-30;5475
123;CAMINO DE RONDA (A.G.);SIVA24;f;3;446443.0000;4114818.0000;-3.60330256081548;37.1776530579861;1996-05-29;2000-01-31;249968
124;CAMPUS DE CARTUJA;SIVA57;t;3;447237.0000;4116802.0000;-3.59449900364999;37.1955808864196;2005-12-01;2009-06-29;1093428
126;Caniles, Llano del Moro;5045;f;4;531424.7500;4141839.7500;-2.64486096782523;37.4222223318272;;;0
127;Canjayar;6311;f;4;523070.5300;4095895.0000;-2.74069431877644;37.0083328505968;1951-01-01;1990-12-31;17971
128;Canjayar, Vivero Cristal;6312;t;4;518871.1900;4094960.2500;-2.78791669196125;37.0000006327094;1951-01-01;2009-02-28;18278
129;Caar, Los Jarales;6248;f;4;461986.8400;4087012.2500;-3.42680560357001;36.9277780634848;1951-01-01;1988-12-31;10184
139;Cogollos de Guadix;5110;t;4;485792.9100;4119912.2500;-3.1601390859546;37.2249996822569;1990-11-01;2002-05-31;3500
154;Darro;5116;t;4;474007.9400;4134116.5000;-3.29347218667775;37.3527774683017;1985-12-01;2009-02-28;4412
157;Diezma;5115;t;4;470673.6900;4130429.5000;-3.33097228349333;37.3194452061106;1985-12-01;2009-11-30;5629
6;Embarcadero;PSN02;t;22;477616.0000;4116277.0000;-3.25219762120316;37.1920718326801;2008-10-14;2014-06-27;2563158
181;Fonelas;5120;t;4;484353.2200;4140716.5000;-3.17680557694673;37.4124991042654;1985-12-01;2004-02-29;4532
36;Adra;RIA0410;t;5;500710.0000;4066978.0000;-2.99204685518258;36.7479470574529;2000-09-06;2016-04-30;1451665
432;fb_iecolab_canar_2;0013a200408bc820;t;;552409.3100;4102804.5000;-3.10458332571511;37.2680553966828;;;0
131;Castelldeferro;6272;f;4;467838.5900;4064184.7500;-3.3601387921147;36.7222224746047;1965-01-01;1986-09-30;4864
132;Cazulas, Central Elctrica;6220;t;4;437399.8800;4074368.7500;-3.70180558483148;36.8125005195743;1965-01-01;2009-02-28;12377
133;Charches;6298I;t;4;508878.3800;4113162.5000;-2.90000508135007;37.1642242196725;1988-01-01;2009-11-30;7047
134;Charches;C405;t;23;503914.0000;4127636.0000;-2.95584158642715;37.2947200063651;;;0
136;Chauchina, La Ola;5560;t;4;428554.9100;4112653.2500;-3.80458347690906;37.1569448173105;1985-12-01;2004-10-31;5312
137;Chimeneas, Castillo de Tajarja;5561;f;4;421853.5300;4108243.7500;-3.87958351715073;37.1166660018073;1985-12-01;1992-12-31;698
138;Chimeneas, Santa Catalina;5528;t;4;432107.9700;4109696.0000;-3.76430555195622;37.1305555099974;1992-06-01;2009-11-30;5626
140;Colomera;5545;f;4;436750.6300;4136318.5000;-3.71430552625597;37.3708324460596;;;0
142;Colomera, Las Torres;5547;f;4;437206.7200;4131538.0000;-3.70874989240413;37.3277769574086;;;0
143;Cmpeta;6203;t;4;413017.1300;4076894.0000;-3.97541682826518;36.833333763428;1961-07-01;2009-11-30;13951
144;Compresores;CETURSA4;t;20;465492.0000;4102017.0000;-3.38813785434353;37.0631656601505;1993-08-31;2011-01-18;371836
145;CONSTITUCION (P.F.);SIVA23;t;3;446443.0000;4114818.0000;-3.60330256081548;37.1776530579861;1996-05-28;2005-03-17;1014834
146;Cortes y Graena, Graena;5103;f;4;480391.5000;4128552.0000;-3.22124989071167;37.3027780150253;1989-01-01;1991-12-31;1002
148;Cortijo El Canario;C400;t;23;448150.0000;4067671.0000;-3.58083715464428;36.7527767719783;;;0
149;Cortijo Periano;C368;t;23;495562.0000;4069209.0000;-3.04972572710045;36.768048420354;;;0
150;Cortijuela;SNEV292;t;18;458329.0000;4104756.0000;-3.46885532728327;37.0875634147534;2006-06-23;2010-07-26;3039394
151;Dalas;6290;f;4;511112.3800;4074300.2500;-2.87541677358075;36.8138886874341;1961-01-01;1998-03-31;9825
152;Dalas, Venta del Viso;6292E;f;4;527595.9400;4072180.5000;-2.69069469221587;36.7944433056203;1970-01-01;1984-12-31;13972
153;Dalas, Venta Pampanico;6291A;f;4;514871.6900;4070647.5000;-2.83334185085197;36.7809094812588;1951-01-01;1960-12-31;3532
156;Deifontes, Las Encinillas;5537;f;4;447568.2800;4135473.2500;-3.59208331595803;37.3638888203672;;;0
158;Dlar;5519;f;4;446503.6900;4103428.7500;-3.60180560071182;37.074999527758;1985-12-01;1989-03-31;93
159;Dlar, Central Elctrica;5517;t;4;451191.7500;4102784.0000;-3.54902778408224;37.0694438247461;1985-12-01;2009-11-30;7214
160;Dlar, El Toril;5518;t;4;451015.1300;4102138.0000;-3.55097232229251;37.0636117794729;1957-04-01;2009-11-30;18096
162;Doa Mara de Oca a Santillana;6304;f;4;524279.6600;4105143.2500;-2.72680557955168;37.0916662340557;1961-01-01;1988-05-31;9187
163;Drcal;C414;t;23;449791.0000;4093701.0000;-3.56417781513795;36.9874983135072;;;0
164;Drcal, Central;6252;f;4;450485.3400;4096008.2500;-3.55652768133304;37.008332156045;1951-01-01;1997-01-31;22783
165;Drcal, Granja Escuela;6251E;f;4;448797.3100;4094785.7500;-3.57541664776659;36.9972223882239;1985-01-01;1988-03-31;1733
166;Drcal, Presa;6251;f;4;457718.8400;4099359.0000;-3.47541657065207;37.0388886787344;1951-01-01;1992-12-31;14333
170;El Ejido;6291;f;4;517690.3800;4068456.5000;-2.80180547558677;36.7611102901852;1961-01-01;1977-09-30;4926
172;El Ejido, Llanos de Celada;6292;f;4;521899.0000;4070931.5000;-2.75458337189775;36.7833331888525;1966-03-01;1979-06-30;10865
173;El Ejido, QUASH;6291I;f;4;521077.3800;4062363.0000;-2.76402758488905;36.7061110352425;1986-05-01;1992-02-29;5998
174;El Higueral;6348;t;4;544596.1900;4137893.2500;-2.4962498766822;37.3861107552716;1961-02-01;2009-02-28;13961
434;MariSol;0013a200408bc85a;t;;;;;;2013-07-05;2013-12-10;16740
176;nix;6295E;f;4;535488.0600;4081454.5000;-2.6018055700344;36.8777783094466;1968-01-01;1992-11-30;6850
177;Flix;6295;t;4;530540.1300;4080510.7500;-2.65736093340736;36.8694441880913;1951-01-01;2009-01-31;33177
178;Fines;6360;f;4;565423.5000;4135102.5000;-2.26125027207564;37.3597219461533;1961-02-01;1985-11-30;6168
180;Fiana;6300;t;4;514019.6900;4114056.7500;-2.84208321718004;37.1722218939358;1965-01-01;2009-02-28;12623
182;Fonelas, Cortijo Conejo;5119E;t;4;482141.7800;4141183.2500;-3.20180557343457;37.4166661451783;;;0
183;Frigiliana;6210E;t;4;419887.8800;4072512.0000;-3.89791647752974;36.7944443182165;1989-01-01;2009-11-30;6941
184;Fuente Santa;6317;f;4;542204.0000;4099975.0000;-2.52541644220428;37.0444446644326;1961-01-01;1991-04-30;10458
186;Gatuna;6318;f;4;535216.2500;4087308.2500;-2.60458316142274;36.9305549186106;1961-01-01;1995-02-28;8516
189;Gor;5124;t;4;502545.8400;4135617.5000;-2.97124999723433;37.3666674885086;1985-12-01;2009-10-31;5569
70;Almera;RIA0402;t;5;563956.0000;4080899.0000;-2.28244506110351;36.8712717285492;2000-01-31;2016-04-30;1460137
194;Granada, Aeropuerto;5530E;t;9;431088.5900;4116299.6000;-3.77638891541187;37.1899999969353;1972-07-01;2016-04-30;1265979
23;Alhama de Almera;RAIFAL003;t;6;539587.0000;4091611.0000;-2.55528314938784;36.9691663857134;1996-01-10;2016-04-30;1973729
195;Granada, Base Area;5514;t;9;443956.0000;4110225.2500;-3.6309721895541;37.136110793735;1951-01-01;2009-11-30;1135562
16;Adra, Club Nautico;E187;t;8;500743.7500;4068786.0000;-2.99166703816418;36.7642453654521;1991-04-02;2014-11-05;7254399
19;Jeres del Marquesado;EARM10;t;2;484605.0000;4115411.0000;-3.17343601752643;37.1844072817402;1999-08-17;2016-04-30;2936718
206;Guadix, C. de A.;5112;t;4;488022.7500;4128229.5000;-3.13513878785157;37.300000743954;1956-01-01;2004-02-29;5546
207;Guadix, Can-Ibice;5112B;t;4;488084.4400;4127896.0000;-3.13443739389285;37.2969954640593;1985-10-01;2009-11-30;23067
213;Guejar-Sierra;5501;t;4;461115.7200;4112748.0000;-3.43791659930086;37.1597210356104;1989-01-01;2004-03-31;4794
214;Huelago;5118;t;4;476931.4100;4141504.2500;-3.26069453158817;37.4194442965609;1985-12-01;2009-11-30;5113
218;Hutor - Santilln, El Molinillo;5099;t;4;462175.2500;4128922.5000;-3.42680543315603;37.3055547814281;1985-12-01;2002-06-30;3174
220;Hutor-Santilln;5509;t;4;454122.3100;4119409.2500;-3.51708324503182;37.2194452516401;1985-12-01;2009-11-30;5353
188;Gergal a Nacimiento, C.P.C.;6316;f;4;535636.7500;4104937.0000;-2.59902794073213;37.0894438961711;1964-01-01;1988-03-31;14815
190;Gor, Estacin Gorafe;5124E;t;4;501315.5300;4138390.7500;-2.98513887461523;37.3916670487017;;;0
192;Gor, Venta Vicario;5094;f;4;506969.5900;4140181.0000;-2.92124990099817;37.4077783188652;1989-06-01;1989-09-30;60
193;Granada;RAAGR;t;13;431088.5900;4116299.6000;-3.77638891541187;37.1899999969353;;;0
433;El Fari;0013a200408bc85b;t;;;;;;2013-07-05;2013-12-19;13992
238;Jeres del Marquesado;5109;t;4;486031.9400;4115443.5000;-3.15736115298116;37.1847226735352;1985-12-01;2009-11-30;5259
198;Granada, El Marqus;5523;f;4;439682.3800;4116418.5000;-3.67958342390503;37.191666588234;;;0
199;Granada, Escuela de Capacitacin;5510J;f;4;443428.2800;4113871.7500;-3.63718893306731;37.1689463862782;1984-04-01;1988-12-31;4209
201;Granada, La Rana;5510I;f;4;444450.1900;4114074.2500;-3.62569444973192;37.1708329297327;1970-05-01;1977-12-31;8088
202;Granada, Sierra Nevada;5511E;f;4;465526.4700;4105641.0000;-3.38791654276914;37.0958331720326;1965-01-01;1993-02-28;24338
204;Granada, Zaidn;5510A;f;4;446822.5600;4114829.5000;-3.59902797049406;37.1777784044963;1961-06-01;1985-12-31;77150
208;Guadix, El Castauelo;5111O;f;4;489480.4000;4126440.0000;-3.1186668846798;37.2838883169131;1985-06-01;1985-12-31;304
210;Guadix, Montes de Guadix;5095;f;4;506459.3000;4142030.0000;-2.92699954124488;37.4244480691309;1955-10-01;1971-04-30;5230
211;Gujar, Faraguit;6261;f;4;447825.3800;4077380.2500;-3.58513878122577;36.8402784635715;1961-01-01;1986-09-30;6052
212;Gujar, Fondn;6262;t;4;448317.0000;4076760.7500;-3.57958338047159;36.834721312203;1965-01-01;2007-12-31;14082
215;Hueneja;6299;f;4;504475.7800;4114323.7500;-2.94958345760219;37.1747231119983;;;0
217;Hueneja, La Ramblosa;6299E;f;4;504032.7800;4112505.2500;-2.95458335176906;37.1583332888474;1961-01-01;1990-04-30;8971
219;Hutor - Santilln, La Sarguilla;5100;f;4;465614.1300;4127058.7500;-3.38791651032738;37.2888893936711;1956-09-01;1966-07-31;3191
223;Illora;5556;f;4;421906.3800;4127197.7500;-3.88097200350355;37.2874993584508;;;0
224;Illora, Estacin de Ferrocarril;5556U;f;4;423592.1600;4123021.5000;-3.86152778606138;37.2499998326619;1973-11-01;1990-01-31;5328
225;Illora, Las Eras;5563E;f;4;416552.4400;4121239.2500;-3.94069432175794;37.2333330111684;;;0
226;Illora, Molino del Rey;5562E;t;4;420401.1300;4124284.0000;-3.89763893269844;37.2611111131173;1973-01-01;2009-11-30;39229
227;Illora, Obeilar;5557;f;4;423102.2500;4123334.2500;-3.86708343668139;37.2527782583511;1985-12-01;1989-04-30;151
228;Illora, T.V.E.;5555O;f;4;418478.4700;4129233.7500;-3.91986113756259;37.3055548416324;1973-10-01;1992-04-30;17688
230;trabo - Pago Los lamos;0475;t;23;443225.0000;4072941.0000;-3.6363979027672;36.7999983417274;2004-12-01;2008-04-30;1156
232;Iznalloz;5536;f;4;452998.1900;4138677.0000;-3.53097233104604;37.3930559825993;;;0
233;Iznalloz, El Frage;5536I;t;4;448202.3400;4138551.2500;-3.58513904864747;37.3916668993475;1974-01-01;2004-09-30;29850
234;Iznalloz, Pueblo;5536B;t;4;453993.0000;4138425.0000;-3.51971885928227;37.3908345796366;2006-03-01;2009-11-30;3838
236;Jayena;5569;f;4;426873.9700;4089399.2500;-3.82125009046456;36.9472222553498;;;0
237;Jayena, Los Alauises;5568U;t;4;428925.8100;4090283.2500;-3.79829188325202;36.9553472041613;1986-10-01;2009-11-30;21757
240;Jete;6222;f;4;440285.9400;4072499.0000;-3.66930552809891;36.7958333676827;1989-01-01;2002-03-31;8963
261;Lecrn;RAIFGR005;t;6;452575.0000;4096273.0000;-3.53305823454033;37.0108263626457;1995-12-31;2016-04-30;1351310
29;Guadix;RAIFGR002;t;6;491997.0000;4126529.0000;-3.09027924546265;37.2847155958765;1996-01-03;2016-04-30;1985043
246;La Peza;5101;t;4;474719.9700;4125485.5000;-3.28513887921123;37.2750007564612;1985-12-01;2009-11-30;5627
287;Motril, Club Nutico;6268X;t;4;452645.7900;4064471.0200;-3.53027774930665;36.7241666740687;2000-12-31;2016-04-30;573741
292;Nerja - Cuevas de Nerja, Automtica;6213X;t;9;424896.6100;4069076.5100;-3.84144449848509;36.7638888900024;2003-01-01;2016-04-30;435545
10;Laguna Seca;PSN06;t;22;504255.0000;4105949.0000;-2.95211798484259;37.0992343136604;2008-10-14;2014-06-26;2286137
244;La Mojonera de Flix;6294;t;4;528602.7500;4067561.7500;-2.67958347185565;36.752778178025;1961-01-01;2009-02-28;15474
247;La Zubia;5514A;t;4;447602.5500;4108198.6700;-3.5897777482473;37.1180555952675;1992-11-01;2009-11-30;6034
248;Lachar, Peuelas;5562;t;4;424011.0900;4114850.2500;-3.85597224801198;37.1763877982703;1985-12-01;2002-08-31;3745
249;Laguna Seca 1;SNEV323;t;18;504239.0000;4105977.0000;-2.9522978764299;37.0994867792836;2009-06-23;2011-01-08;841380
251;Laguna Seca 3;SNEV325;t;18;504239.0000;4105977.0000;-2.9522978764299;37.0994867792836;;;0
252;Lanjarn;6258;t;9;456539.2500;4086113.7500;-3.48791676255809;36.9194434807383;1951-01-01;2009-11-30;63103
253;Lanjarn;SNEV293;t;18;462673.0000;4094115.0000;-3.41945272510781;36.9918297712614;2006-08-05;2008-06-22;1551559
254;Lanjarn, Tello;6257;f;4;458049.7200;4091345.0000;-3.4712501547924;36.9666662725039;1965-01-01;1997-01-31;3832
255;Laroles, Casa Forestal;6279E;f;4;498900.1900;4095678.7500;-3.01236126890995;37.006666154438;;;0
256;Las Gabias, Gabia Grande;5521;f;4;440624.0600;4110094.0000;-3.66847221501094;37.1347221803302;;;0
257;Las Gabias, Los Alamillos;5527;f;4;437405.0600;4108576.2500;-3.70458342348659;37.1208323207376;;;0
259;Lujar, Cerecillo;6307;t;4;507743.8800;4100181.2500;-2.91291670902369;37.0472210563136;1951-01-01;2009-03-31;60706
260;Lujar, Monterrey;6308;t;4;508981.4100;4097871.5000;-2.89902773654358;37.0263896557447;1951-01-01;2009-11-30;61957
262;Lentegi;6221;t;4;439896.1300;4076970.2500;-3.67402773250897;36.8361118728725;1961-01-01;2009-02-28;16707
264;Lucainena de las Torres;6331;t;4;571110.0600;4099706.2500;-2.20041645282729;37.040276981495;1961-01-01;2009-11-30;15694
265;Lcar;6352;f;4;550980.5600;4139470.7500;-2.4240275838674;37.3999997869484;1961-01-01;1987-10-31;6234
266;Macael;6357I;t;4;561609.6900;4131837.5000;-2.30458354094876;37.3305556248154;1972-06-01;2009-01-31;17846
267;Mairena;6280U;f;4;495884.9100;4095402.5000;-3.04624986859883;37.0041676187353;1985-01-01;1992-05-31;5697
268;Maro;6213;f;4;425159.8900;4068054.1900;-3.83839474554134;36.7546949381646;;;0
269;Maro a Herradura, C.P.C.;6217;f;4;434111.0600;4065610.5000;-3.73791659402809;36.7333321968123;;;0
271;Mocln;5553;t;4;430451.5600;4133132.5000;-3.78513895579202;37.3416666510172;1985-12-01;2009-10-31;5627
272;Mocln, Berbe Bajo;5546;f;4;434625.0000;4131866.0000;-3.73791660216728;37.3305550674086;1955-10-01;1963-12-31;1307
273;Mocln, Los Olivares;5554;f;4;432040.9700;4131886.5000;-3.76708322990806;37.3305543338388;;;0
274;Mocln, Tzar;5552;f;4;431339.3800;4136361.2500;-3.7754164243333;37.3708328832113;;;0
275;Molvzar;6267;f;4;446003.0300;4071228.2500;-3.60513880354767;36.7847221451615;1952-06-11;1985-07-31;17908
276;Monachil;5513;f;4;451972.9400;4109867.5000;-3.54069437723144;37.1333322601322;1985-12-01;1994-03-31;607
278;Monachil, Albergue;5511;f;4;465895.5000;4105331.2500;-3.3837500044532;37.0930546443682;;;0
279;Monachil, Barrio ALto;5513A;f;4;452627.7500;4109593.2500;-3.53330539309804;37.1308936758802;;;0
280;Monachil, Cortijo Mimbres;5512;f;4;458254.0600;4107677.0000;-3.46986105338459;37.1138891982697;1989-01-01;1998-07-31;541
281;Moraleda de Zafayona, Canal Cacn;5578;t;4;414143.8100;4114637.0000;-3.96708348922579;37.1736108380912;1985-12-01;2009-11-30;6415
282;Moraleda de Zafayona, El Regidor;5563I;f;4;414541.9100;4117406.7500;-3.96291676585452;37.198610086779;;;0
283;Moraleda de Zafayona, Loreto;5563;t;4;416250.7800;4115694.5000;-3.94347209265557;37.1833330723104;1992-12-01;2009-10-31;5445
286;Motril, Club Nutico;6268O;t;4;452645.7900;4064471.0200;-3.53027774930665;36.7241666740687;1985-02-01;2001-02-28;13176
288;Motril, Instituto de Bachillerato;6269A;f;4;453713.0600;4066868.7500;-3.51847211006456;36.7458330016081;;;0
289;Nacimiento;6305;t;4;531061.8100;4107014.5000;-2.65041657651112;37.1083330894448;1961-02-01;2009-02-28;14930
291;Nerja;6212;f;4;421723.4400;4067256.0000;-3.87680563183163;36.7472229779062;1965-01-01;1979-01-31;3441
293;Nerja, Colegio;6212A;f;4;420734.3400;4067573.2500;-3.88791666752417;36.7500003608809;1977-01-01;1990-12-31;9705
294;Nerja, Cuevas de Nerja;6213A;t;9;424896.6100;4069076.5100;-3.84144449848509;36.7638888900024;2000-07-01;2009-01-31;20358
295;Nerja, Vegueta Grama;6210;f;4;423035.6600;4075256.7500;-3.86291666651256;36.81944512505;;;0
296;Niguelas;6253;t;4;452125.5300;4093225.5000;-3.53791656441926;36.9833340126007;1951-12-01;2009-11-30;19228
317;Pantano de Quentar;5506;t;4;461139.1900;4117833.0000;-3.43791681206275;37.2055564200849;1985-12-01;2007-12-31;13685
28;Iznalloz;RAIFGR001;t;6;450630.0000;4127041.0000;-3.55694926001961;37.2880547223975;1995-12-31;2016-04-30;1992534
324;Pinos-Genil;5502;t;4;455567.6900;4113083.7500;-3.50041668715106;37.1625000045955;1985-12-01;2009-11-30;5294
340;Presa de Canales;5501O;f;4;457545.5900;4112549.6500;-3.47811109027863;37.1577777921024;1992-01-01;2003-12-31;7545
7;Piedra de los Soldados;PSN03;t;22;477273.0000;4112692.0000;-3.25595309024658;37.1597489501167;2008-10-14;2014-06-27;3844386
299;Nvar;5539;f;4;448603.4100;4123755.7500;-3.57958339075646;37.2583339581185;;;0
300;Ohanes, Central Elctrica;6310;t;4;522568.0300;4098975.2500;-2.74624989078383;37.0361106456756;1965-01-01;2009-02-28;12351
301;Ojea, Casilla;6345;f;4;536481.6300;4137273.7500;-2.58793855816314;37.3808819062368;;;0
303;Olula del Ro;6359;t;4;562083.6300;4134306.5000;-2.29902752257649;37.3527771432067;1965-01-01;2009-02-28;13257
304;rgiva;6247;t;4;462220.5600;4083929.5000;-3.4240276483991;36.8999993181996;1961-01-01;2009-11-30;42589
311;Padul;6249;t;4;444244.7800;4097896.2500;-3.6268055773561;37.0250002683399;1961-01-01;2009-11-30;49837
312;Padul, Aguadero;6250;t;4;446711.8100;4097264.0000;-3.59902765445495;37.0194446308855;1951-01-01;2009-11-30;18770
313;Pajeros;6257E;f;4;457548.5600;4090022.5000;-3.4768054442672;36.9547228596832;;;0
314;Pampaneira, Central;6243E;f;4;467684.7200;4088991.7500;-3.36291659741383;36.9458341346807;1972-09-01;1998-12-31;9223
315;Pantano Cubillas;5541;t;4;440490.8400;4126120.7500;-3.67125018428725;37.2791669312026;1985-12-01;2009-11-30;15368
316;Pantano de Bermejales;5572;t;4;420493.5900;4094850.0000;-3.89347215369534;36.9958335062404;1989-01-01;2009-11-30;15741
318;PASEOS UNIVERSITARIOS;SIVA58;t;3;446071.0000;4115504.0000;-3.60754232668975;37.1838148463374;2005-03-18;2010-03-19;1215028
319;Paterna del Ro;6277O;f;4;504163.6300;4097251.2500;-2.95319436793724;37.0208323530765;;;0
320;Pechina;C404;t;23;549957.0000;4085841.0000;-2.43917336423003;36.9166630119741;;;0
321;Pechina, Sierra Alhamilla;6323;f;4;557442.0600;4093284.7500;-2.35458336730882;36.9833323132766;;;0
323;Pinos Puente, Fuensanta;5562O;t;4;420068.3800;4115195.0000;-3.90041665451522;37.1791658227529;1971-11-01;2009-11-30;39163
325;Pinos-Genil, Acequia Gorda;5507;f;4;453594.5600;4113094.5000;-3.52263880799966;37.1625009817227;1985-12-01;1991-05-31;821
326;Pinos-Genil, P. Blanqueo;5503;f;4;454335.3100;4113244.5000;-3.51430561980013;37.1638895168771;;;0
327;Pinos-Puente, Bucor;5554E;f;4;432339.2500;4123100.5000;-3.76291665703932;37.251388375656;1971-02-15;1984-02-29;14016
328;Pinos-Puente, C. de A.;5549;t;4;433695.4100;4123243.7500;-3.74763907560777;37.2527770299433;1992-01-01;2009-11-30;15914
329;Pinos-Puente, Vivero Forestal;5549A;f;4;433695.4100;4123243.7500;-3.74763907560777;37.2527770299433;1951-01-01;1987-11-30;12075
330;Piar, Los Bulares;5533;f;4;457068.0900;4141120.5000;-3.48513883896647;37.4152773703536;1955-01-01;1977-11-30;7301
331;Pitres;6243;f;4;471143.8400;4087900.7500;-3.32402792179888;36.9361120685475;1966-11-01;1996-05-31;8335
332;Poqueira, Central Elctrica;6242U;f;4;467692.9400;4091148.7500;-3.36291653025034;36.9652777862742;1972-06-01;1998-12-31;9404
333;Poqueira, Loma Pua;6242;f;4;468451.9700;4095768.2500;-3.35458343680625;37.006943903476;;;0
334;Portugos;6236;t;4;473743.1900;4088508.5000;-3.2948611064027;36.9416664713128;1961-01-01;2009-11-30;14928
335;Posturas;6257O;t;4;455632.4700;4087782.5000;-3.49819434673236;36.9344432828976;1989-01-01;2009-11-30;21488
336;Pradillos;6285;f;4;505529.0000;4087545.2500;-2.93791662084531;36.9333332622461;;;0
337;Pradollano - Al Andalus;CETURSA1;t;20;464745.0000;4105511.0000;-3.39670380656813;37.094632282683;1993-08-31;2011-01-18;399528
338;Presa de Beznar;C392;t;23;452219.0000;4085828.0000;-3.53639862697879;36.9166586423233;;;0
339;Presa de Cacn;5574;t;4;417387.0600;4105820.7500;-3.92958341283005;37.094444278715;1985-12-01;2009-11-30;5779
341;Presa de Colomera;5544U;t;4;436266.8800;4139650.8400;-3.72005551809459;37.4008333345497;1992-06-01;2009-01-31;12600
343;Presa de Vlez de Benaudalla;6263;f;4;449059.5600;4076664.0000;-3.5712500594288;36.8338895095377;1951-01-01;1987-01-31;12351
344;Proyecto Gloria: CUP_E;CUPE;t;19;468696.0000;4100079.0000;-3.35201996836259;37.0458090888059;;;0
345;Proyecto Gloria: CUP_N;CUPN;t;19;468673.0000;4100113.0000;-3.35228001991361;37.0461147954924;;;0
346;Proyecto Gloria: CUP_S;CUPS;t;19;468676.0000;4100058.0000;-3.35224399400175;37.0456191283009;;;0
347;Proyecto Gloria: CUP_W;CUPW;t;19;468658.0000;4100086.0000;-3.35244757059774;37.0458709178354;;;0
348;Proyecto Gloria: MAC_E;MACE;t;19;468229.0000;4101346.0000;-3.3573249260219;37.0572140511271;;;0
349;Proyecto Gloria: MAC_N;MACN;t;19;468215.0000;4101364.0000;-3.35748314084226;37.0573758274796;;;0
350;Proyecto Gloria: MAC_S;MACS;t;19;468214.0000;4101334.0000;-3.35749311892374;37.0571053757055;;;0
351;Proyecto Gloria: MAC_W;MACW;t;19;468192.0000;4101347.0000;-3.35774109586816;37.0572218108962;;;0
352;Proyecto Gloria: PUL_E;PULE;t;19;469302.0000;4099063.0000;-3.34516402546147;37.0366709229777;;;0
353;Proyecto Gloria: PUL_N;PULN;t;19;469298.0000;4099081.0000;-3.34520973463804;37.0368330436437;;;0
368;Quentar, Tocn;5504;t;4;467194.1300;4121813.2500;-3.36986113961472;37.2416656372563;1955-12-01;2009-11-30;13320
25;La Mojonera;RAIFAL007;t;6;528566.0000;4066956.0000;-2.68001782506834;36.7473187927589;2000-05-31;2014-08-04;538822
8;Rambla de Guadix;PSN04;t;22;528676.0000;4097480.0000;-2.67763103051068;37.0224657117177;2008-10-14;2014-06-27;3814971
402;Torrox, Faro;6205X;t;4;415039.9100;4068552.5000;-3.9518057523093;36.758333612298;2000-12-31;2016-04-30;448804
399;Torrenueva;0467;f;23;456058.0000;4062594.0000;-3.49196087001613;36.7074107612381;1978-10-01;2005-08-31;5082
355;Proyecto Gloria: PUL_W;PULW;t;19;469286.0000;4099077.0000;-3.34534449573671;37.0367965951261;;;0
356;Proyecto Gloria: TCA_E;TCAE;t;19;464024.0000;4099422.0000;-3.40452503903995;37.0397194429666;;;0
357;Proyecto Gloria: TCA_N;TCAN;t;19;463974.0000;4099448.0000;-3.40508848646902;37.0399518863983;;;0
358;Proyecto Gloria: TCA_S;TCAS;t;19;463977.0000;4099397.0000;-3.40505231218843;37.0394922923424;;;0
359;Proyecto Gloria: TCA_W;TCAW;t;19;463951.0000;4099422.0000;-3.40534585446545;37.0397166416086;;;0
360;Puerto Lobo;EARM09;f;2;452607.0000;4121457.0000;-3.53429170754226;37.2378267529789;1997-07-22;2009-08-26;3341861
364;Pza. CONCORDIA;SIVA01;t;3;547310.0000;4077654.0000;-2.46939868969894;36.8430020575079;1995-12-31;2004-09-07;780009
365;Quentar;5506E;f;4;458666.6300;4116303.7500;-3.46569423519622;37.191666108249;;;0
366;Quentar, Aguas Blancas;5504A;f;4;464111.6900;4121209.5000;-3.40458345472698;37.2361100335141;1966-01-01;1982-12-31;4866
367;Quentar, ICONA;5506F;f;4;458666.6300;4116303.7500;-3.46569423519622;37.191666108249;1970-05-01;1987-02-28;5932
369;Quentar, Zaidn;5506G;f;4;458667.3800;4116458.0000;-3.46569432405244;37.19305648926;;;0
370;Rambla de Molvizar, Viv. Forestal;6265;f;4;446003.0300;4071228.2500;-3.60513880354767;36.7847221451615;1972-07-01;1992-08-31;12666
371;Rambla Molvzar, Viv. Forestal;6265A;f;4;446239.5900;4070958.0000;-3.60246876260639;36.7822995621597;;;0
372;Ranchillos;6256U;f;4;458747.3400;4092420.2500;-3.46347241021251;36.9763893564499;;;0
373;Refugio de Poqueira;PG2;t;21;471338.0000;4098246.0000;-3.32224075072953;37.0293708710405;;;0
374;Rioja;6324;t;4;548072.0000;4088912.2500;-2.46013866278801;36.9444449615027;1961-01-01;2009-02-28;15387
375;Roquetas de Mar, Faro Sabinal;6293;t;4;526642.0600;4060159.7500;-2.7018054485686;36.6861099761997;1961-02-01;2009-11-30;25221
376;Roquetas de Mar, Pueblo;6293E;t;4;534686.0000;4068632.0000;-2.61138972751301;36.7622227796438;2006-01-01;2009-11-30;2776
377;Salobral, Casilla;6298;f;4;504031.4400;4115278.7500;-2.95458348355479;37.1833334257512;;;0
378;Salobre a Azucarera;6223;f;4;447516.1300;4067366.7500;-3.58791666832054;36.7499993607734;1986-01-01;1986-02-28;59
379;Salobrea, Guadalfeo;6268;f;4;449373.2200;4066893.2500;-3.56708334958628;36.7458321279204;1961-01-01;1999-12-31;30494
381;Santa Cruz del Comercio;5577;t;4;413274.1600;4102009.5000;-3.9754167769826;37.0597225861838;1985-12-01;2009-11-30;5599
383;Santa F;5529;t;4;436229.5300;4116289.7500;-3.71847210534955;37.1902766107104;1985-12-01;2003-08-31;5111
384;Sern, Estacin;6348E;f;4;542647.7500;4134184.7500;-2.51847203995229;37.3527766103912;1969-08-01;2009-02-28;25430
385;Sierra Nevada, Monachil;E027;f;8;465539.5000;4105370.5000;-3.38775750037357;37.0933954075312;1997-01-08;1997-11-30;343065
387;Sorviln;6274B;t;4;476195.7800;4072138.5000;-3.26680547292418;36.7941676249866;1987-06-01;2009-11-30;7758
388;Stadium;CETURSA5;t;20;466843.0000;4102191.0000;-3.37295010173452;37.0647828266147;1993-08-31;2006-06-08;344244
390;Tabernas;6322;t;4;554178.8100;4100967.7500;-2.39069446466806;37.0527778939267;1964-08-01;2009-02-28;33143
391;Tabernas a Sorbas, C.P.C.;6321;t;4;562672.8800;4104724.5000;-2.29486120841105;37.086109933614;1961-01-01;2009-02-28;14257
393;Tahal;6357;t;4;563787.0600;4120604.7500;-2.28097206067046;37.229167265033;1961-01-01;2009-02-28;16250
394;Tajos de Breca;PG1;t;21;480994.0000;4100446.0000;-3.2137368442478;37.0494469724107;;;0
396;Tjola;RIA0409;t;5;548187.0000;4136472.0000;-2.45578295073994;37.3731210024893;1999-12-22;2000-12-19;52206
397;Tjola;6351;t;4;549787.8800;4133299.7500;-2.43791689543634;37.3444442763285;1961-10-01;2009-02-28;14655
398;Torre del Maro;C275;t;23;428802.0000;4067039.0000;-3.79750305197903;36.7458247993293;;;0
401;Torrox;6207;t;4;415039.9100;4068552.5000;-3.9518057523093;36.758333612298;1961-01-01;2005-01-31;14662
403;Torrox, Faro;6205;f;4;414495.8000;4065476.0000;-3.95755604664681;36.7305552170958;1963-12-01;1998-05-31;8185
404;Torvizcn;6226;t;4;473349.9400;4081422.2500;-3.29902778566625;36.8777784964624;1961-01-01;2009-02-28;16362
405;Trvelez;6234;t;4;476235.7500;4095280.7500;-3.26708343474167;37.0027786569277;1965-01-01;2009-02-28;14816
407;Turn;6284;t;4;494886.9100;4079841.2500;-3.05736126302895;36.8638891110287;1965-01-01;2009-02-28;14998
408;Ugjar;6281;t;4;495140.9700;4091088.5000;-3.05458328631742;36.9652767550701;1961-01-01;2009-02-28;14695
22;Soportujar;EARM27;t;2;463941.0000;4088479.0000;-3.40493506155782;36.941076257702;1999-11-30;2016-04-19;2026672
30;Motril;RAIFGR003;t;6;467504.0000;4064278.0000;-3.36388937950604;36.7230516756225;1995-12-31;2016-04-30;1981086
31;Abla;EARM12;f;2;520402.0000;4111205.0000;-2.77027157488627;37.1463989600366;1997-09-24;2006-09-09;2498655
33;Abla, Venta Victoria;6301U;t;4;517106.6600;4111905.2500;-2.80736119185243;37.1527770627421;1987-04-01;2002-05-31;4625
39;Adra, Faro;6277A;f;4;497235.0000;4067075.0000;-3.03097280784419;36.7488177063776;1970-12-01;1994-12-31;24189
45;Albolote;5522;t;4;441799.3800;4119485.5000;-3.65597238661371;37.2194447493304;1985-12-01;2009-11-30;5599
51;Albuol;6275;t;4;481746.6300;4071847.2500;-3.20458316666166;36.7916654534084;1961-01-01;2009-02-28;16190
57;Alcontar;6346;t;4;535520.9400;4132302.5000;-2.59902778810615;37.3361112406347;1961-01-01;2009-03-31;14882
62;Alfacar, La Alfaguara;5508;f;4;423961.6900;4123018.2500;-3.85736128807602;37.2500007825984;1983-01-01;1991-07-31;1794
65;Alhama de Granada, Alcaicera;6378;t;4;413005.2200;4087835.0000;-3.97680571611661;36.9319445599456;1965-01-01;2009-02-28;12222
17;Abla;E190;t;8;517365.3100;4111635.0000;-2.80445481147475;37.1503362840447;1990-12-31;2014-11-05;9498161
75;Almera, Caada S. Urbano;RAIFAL004;f;6;553394.0000;4078435.0000;-2.40111239076212;36.8497178194487;1995-12-31;2002-03-31;165923
76;Almera, Hiniesta y Castro;6325I;f;4;561148.2500;4093619.0000;-2.3129163159447;36.9861114046825;;;0
77;Almera, Instituto;6297B;f;4;549044.8100;4076322.2500;-2.45002882886365;36.8309091992591;1983-06-01;1989-12-31;1734
78;Almera, Sismolgico;6297A;f;4;548626.5600;4078437.7500;-2.45458334408918;36.849999975276;;;0
79;Almuecar;RIA1809;f;5;439612.0000;4066365.0000;-3.67637310165789;36.7404992568176;2001-01-25;2007-07-31;594503
81;Almucar, El Zahor;6222I;t;4;440092.0600;4069150.0000;-3.67121520282351;36.7656335442941;1986-10-01;2009-11-30;20309
82;Almucar, Rancho California;6219;f;4;438328.7200;4065733.2500;-3.69069446371261;36.7347221459386;1951-02-01;1982-09-30;22334
83;Alquife, Ms. del Marquesado;5109E;f;4;490471.2200;4116361.7500;-3.10736099679027;37.193055543601;1976-02-01;1989-03-31;12029
84;Arenas del Rey, Fornes;5570;f;4;423665.4100;4090198.0000;-3.85736128065576;36.954166950554;1985-12-01;1989-02-28;59
85;Arenas del Rey, Jatar;5571;t;4;418947.1600;4088238.5000;-3.91013885699138;36.9361112959699;1985-12-01;2003-02-28;3860
86;Arenas del Rey, La Resinera;5568;f;4;423152.0900;4088137.7500;-3.86291664250373;36.9355556345143;1989-01-01;1994-02-28;1123
87;Arenas del Rey, V. Vicario;5566;f;4;422995.4400;4084502.5000;-3.86430559300677;36.9027772887712;;;0
88;Arquilla;6257I;t;4;457223.3100;4089284.5000;-3.48041668575993;36.9480558409254;1989-01-01;2009-11-30;21231
89;Atarfe;5524;f;4;438967.3400;4119813.7500;-3.68791679664252;37.2222222565183;;;0
90;Atarfe, Caparacena;5548;t;4;436662.1300;4124607.7500;-3.71430536690063;37.2652773862264;1985-12-01;2009-11-30;6268
91;Atarfe, SEA;5524A;f;4;438967.3400;4119813.7500;-3.68791679664252;37.2222222565183;1971-02-01;1995-01-31;23130
130;Capileira;6243A;f;4;468749.1600;4065145.5000;-3.349981834207;36.7309135130596;1953-11-01;1990-12-31;3835
135;Chauchina;5530;f;4;431556.2500;4117713.5000;-3.77125009973401;37.2027779912297;1985-12-01;1992-09-30;1123
141;Colomera, El Len;5545E;t;4;436754.1300;4136780.7500;-3.71430550640207;37.3749989067734;1977-06-21;2009-04-30;25848
155;Deifontes;5538;f;4;447418.1600;4131159.5000;-3.5934723867077;37.3249997158049;1951-01-01;1995-06-30;7622
161;Dlar, Casa Forestal;5107;f;4;500086.3400;4112504.2500;-2.99902765003197;37.1583329731931;1956-08-01;1976-12-31;5510
167;El Alquin, Cortijo los Trancos;6326;t;4;563235.2500;4078934.2500;-2.29069466041661;36.8536105875607;1965-01-01;2009-02-28;12899
175;El Pozuelo;6276;t;4;486437.6600;4067039.2500;-3.15192092303275;36.7484024896573;1951-01-01;2009-02-28;15017
410;Ugjar, SEA;6281A;f;4;495264.6900;4091242.5000;-3.05319446003619;36.9666655789302;;;0
412;Uleila del Campo, Los Filabres;6334I;f;4;570591.0000;4117423.0000;-2.20458344437173;37.1999997154466;1971-03-01;1997-03-31;21785
414;Valle del Zalabi, Exfiliana;5111;f;4;490726.9400;4124682.0000;-3.10458332571511;37.2680553966828;;;0
415;Velefique;6319;f;4;552969.5000;4116523.0000;-2.40319419855842;37.1930544479949;1951-01-01;1986-11-30;10069
416;Vlez de Benaudalla, Central;6264;f;4;454267.6900;4077805.5000;-3.51291663720008;36.8444453454225;1951-01-01;1995-03-31;14725
417;Velor - Nechite;6281E;t;4;493660.4100;4095249.7500;-3.07124992582624;37.0027783274289;1990-08-01;2009-11-30;20356
419;Ventas de Huelma, Circullar;5558;f;4;425984.2800;4100810.0000;-3.83236122862826;37.0500005984211;1991-04-01;2000-04-30;2188
420;Viator, Base Militar;6325A;t;4;552409.3100;4083514.0000;-2.4118056027291;36.8955546039328;1987-10-01;2006-11-30;20359
421;Viator, Sarazal;6325;f;4;551820.7500;4082616.7500;-2.41847210690416;36.8874994032943;1965-01-01;1991-09-30;6228
425;LBA STATION;LBA01;t;;111.0000;111.0000;-60.027789;-3.105923;2012-04-01;2012-04-02;864
413;Valle del Zalabi, Charches;5113O;t;4;498116.5000;4127604.7500;-3.02124989027267;37.2944446569067;1980-01-01;2009-11-30;9522
185;Fuente Vaqueros, Servicio Plagas;5524O;t;4;429358.3400;4120197.2500;-3.79625006434858;37.2250001832598;1974-01-01;2009-11-30;34940
187;Gergal;6315;t;4;541051.8800;4108290.0000;-2.53791695587234;37.119445308941;1961-01-01;2009-02-28;13777
197;Granada, Cartuja;5515;t;4;446586.7500;4116526.0000;-3.60180548377113;37.1930561971454;1951-02-01;2004-11-30;87646
203;Granada, Universidad;5515A;f;4;446325.9000;4116990.0000;-3.60477768279574;37.1972234451491;;;0
216;Hueneja, CHS;6299A;f;4;504524.9400;4114662.7500;-2.94902765186389;37.1777785938471;1981-05-01;1986-03-31;578
229;Itrabo;6266;t;4;443089.5000;4072942.0000;-3.63791672820697;36.7999992191234;1952-06-11;2009-11-30;27926
235;Iznalloz, Sierra Umbra;5534;f;4;458022.4100;4135352.5000;-3.47402773462811;37.3633324914482;;;0
241;La Mala;5526;f;4;435909.1600;4106584.2500;-3.72125012215549;37.1027765524655;1962-01-01;1977-04-30;5414
242;La Mamola;6274;t;4;475053.9700;4066849.5000;-3.2794300534053;36.7464608769971;1965-01-01;2009-11-30;14392
245;La Mojonera, E.I.C.H.I.;6292O;f;9;526357.7500;4071868.5000;-2.70458340254053;36.791666096119;1982-02-01;1999-12-31;46448
250;Laguna Seca 2;SNEV324;t;18;504239.0000;4105977.0000;-2.9522978764299;37.0994867792836;2009-06-23;2011-09-26;2459987
258;Lujar;6309;t;4;509973.9100;4094328.7500;-2.88791661185616;36.9944447227434;1951-01-01;2009-02-28;38846
263;Los Santos de Alcontar;6347;t;4;534817.8800;4123824.5000;-2.60736139795932;37.259721212518;1961-01-01;2009-02-28;16216
270;Mecina Bombaron;6282;t;4;486118.0600;4092793.5000;-3.15597210862459;36.9805561134052;1961-01-01;2009-02-28;15612
277;Monachil;CETURSA2;t;20;465378.0000;4103949.0000;-3.38950912604397;37.0805762625632;2008-08-18;2009-03-15;11874
285;Motril;6269;t;4;453469.2500;4067640.5000;-3.52125004090951;36.752777781963;1951-05-01;2009-11-30;35133
290;Nacimiento, Gilma Moderno;6303;t;4;528689.7500;4115018.5000;-2.67680557234431;37.1805554733164;1961-01-01;2009-02-28;14912
297;NIJAR;SIVA46;t;3;571341.0000;4091510.0000;-2.19859574718888;36.9663841711716;2002-09-21;2010-01-04;653179
298;Njar;6327;t;4;570807.6900;4091536.7500;-2.20458361301948;36.9666655619932;1951-01-01;2009-11-30;56408
302;Olula de Castro;6320;f;4;546323.8100;4114480.7500;-2.47819460718918;37.1750000800171;1961-01-01;1990-08-31;8387
306;rjiva, C.P.G.;C382;t;23;462481.0000;4084236.0000;-3.4211197840547;36.9027725356454;;;0
307;rjiva, Las Cabreras;6245E;f;4;462443.5600;4078381.7500;-3.42125010089905;36.8500000324039;;;0
308;rjiva, Sierra de Ljar;6245;f;4;464164.1900;4075292.7500;-3.40180550297844;36.8222219272652;1965-11-01;1977-11-30;4197
309;Otvar, Sequero Lentegi;6221E;t;4;438689.4400;4074513.5000;-3.68736103714838;36.8138897096639;1971-01-01;2009-11-30;12687
342;Presa de Dlar;5516;f;4;455886.9100;4103374.5000;-3.4962500700067;37.0749991381697;1992-11-01;1997-05-31;92
354;Proyecto Gloria: PUL_S;PULS;t;19;469293.0000;4099042.0000;-3.34526436150895;37.0364813351315;;;0
361;Puntal;C398;t;23;443398.0000;4098826.0000;-3.63639454404131;37.0333299907562;;;0
362;Purchena;6356;t;4;556478.3800;4133650.5000;-2.36236140338105;37.3472226437647;1964-11-01;2009-02-28;26673
363;Purullena;5104;f;4;483102.6300;4130087.0000;-3.19069432460138;37.3166672310225;;;0
380;Salobrea, Patronato de Agricultura;6268A;f;4;449561.5900;4067293.7500;-3.56499992976015;36.7494523264565;1989-03-01;1997-06-30;15616
386;Soportjar, Casa Forestal;6246;t;4;463857.4400;4090548.0000;-3.40597236325477;36.959723107229;1952-01-01;2009-02-28;28920
392;Tabernas, Planta Solar;6321O;f;9;556421.7500;4105389.2500;-2.36513916551648;37.0924989734861;1983-01-01;2000-05-31;15476
400;Torrenueva, Faro Sacratif;6271;f;4;458149.0000;4061256.0000;-3.46847821576537;36.695444005051;1961-01-01;1981-12-31;5165
406;Trvelez, C.P.G.;C383;t;23;476494.0000;4094971.0000;-3.26417136359494;36.9999930366326;;;0
411;Uleila del Campo;6335;f;4;570605.2500;4115728.0000;-2.20458316598608;37.1847215558418;1961-01-01;1991-09-30;7874
418;Ventas de Huelma;5559;t;4;426989.6300;4102804.5000;-3.82125013328266;37.0680561554754;1985-12-01;2009-06-30;3314
191;Gor, Los Charcones;5094E;t;4;504376.0900;4139506.2500;-2.95055810199017;37.4017122997441;1986-01-01;2009-11-30;17494
209;Guadix, Instituto Tcnico;5112A;t;4;488022.7500;4128229.5000;-3.13513878785157;37.300000743954;1969-04-01;2009-11-30;36937
221;Hutor-Santilln, Villa Mara;5509A;t;4;454283.7500;4119198.7400;-3.51525083129059;37.2175557508188;1993-11-01;2009-11-30;6060
15;Granada, Aeropuerto;E182;t;8;431088.5900;4116299.6000;-3.77638891541187;37.1899999969353;1990-12-31;2014-02-28;7940068
169;EL EJIDO;SIVA08;t;3;516423.0000;4070189.0000;-2.81596720473244;36.7767507146667;2001-02-19;2016-04-30;2449606
168;EL BOTICARIO;SIVA61;t;3;554450.0000;4080157.0000;-2.38914497927919;36.865179489131;2005-06-08;2016-04-30;1570317
205;GRANADA-NORTE;SIVA22;t;3;446107.0000;4116530.0000;-3.60721082570162;37.1930646705277;2000-02-09;2016-04-30;4052600
409;Ugjar;RAIFGR010;t;6;498541.0000;4090779.0000;-3.01638889325963;36.9624982601192;1995-12-31;2016-04-30;1359775
222;IFAPA Centro Camino del Purchil;RIA18101;t;5;443423.0000;4114357.0000;-3.63728513014197;37.1733198052391;2005-10-31;2016-04-30;461801
231;Iznalloz;RIA1805;t;5;451312.0000;4141428.0000;-3.55020145654394;37.4177641054887;2000-08-22;2016-04-30;1455798
305;rjiva;RAIFGR007;t;6;476300.0000;4140211.0000;-3.26778842647698;37.4077716883875;1995-12-31;2016-04-30;1375580
239;Jerez del Marquesado;RIA1806;t;5;486806.0000;4116224.0000;-3.14865457665284;37.1917692634233;2000-09-05;2016-04-30;1450991
18;Almera, Aeropuerto;E275;t;8;557329.6700;4078048.1300;-2.35700004591225;36.8460000422765;2006-01-29;2014-02-28;2945297
431;fb_iecolab_canar_1;0013a200408bc824;t;;551820.7500;4095249.7500;-3.07124992582624;37.0027783274289;;;0
13;Motril, Club Nutico;E089;t;8;452645.7900;4064471.0200;-3.53027774930665;36.7241666740687;1991-05-27;2014-11-05;7897675
395;Tjola;RIA0412;t;5;547943.0000;4137207.0000;-2.45849091421406;37.3797583618421;2001-09-19;2016-04-30;1359431
382;Santa Fe;RAIFGR008;t;6;437847.0000;4116740.0000;-3.70028756220497;37.194443921814;1995-12-31;2016-04-30;1909912
80;Almuecar;RIA1811;t;5;438973.0000;4066413.0000;-3.68353356972744;36.7408910347887;2007-08-13;2016-04-30;737468
26;Dalas;RAIFAL010;t;6;511112.0000;4074300.0000;-2.87542103748316;36.8138864382833;2006-01-12;2016-04-30;971158
179;Fiana;RIA0405;t;5;514394.0000;4112459.0000;-2.8378977911007;37.1578142346982;2000-01-31;2016-04-30;1485351
20;Seron;EARM19;t;2;543425.0000;4133860.0000;-2.50971557885507;37.349813485225;1999-11-30;2016-04-30;2221667
389;Tabernas;RIA0404;t;5;562125.0000;4105383.0000;-2.30097053124013;37.0920817368523;2000-01-31;2016-04-30;1466484
14;Torrox, Faro;E180;t;8;415039.9100;4068552.5000;-3.9518057523093;36.758333612298;1991-06-05;2015-02-24;8181300
171;El Ejido - Ayuntamiento, Automtica;6291B;t;4;526642.0600;4060159.7500;-2.7018054485686;36.6861099761997;2003-04-22;2016-04-30;291225
